id,question,answer,category
1,What is the admission process for undergraduate programs?,"You can apply through the college portal by filling the application form and uploading required documents.",Admissions
2,When does the semester start?,"The semester usually starts in the first week of July.",Academic
3,How can I pay my fees online?,"Login to the student portal, go to Fees section and pay online using UPI, card or net banking.",Fees
4,How do I apply for hostel accommodation?,"Hostel application is available on the college hostel portal after admission confirmation.",Facilities
5,When will results be announced?,"Results are usually announced four to six weeks after examinations.",Exams
6,What documents are required for admission?,"10th and 12th marksheets, transfer certificate, caste certificate if applicable and ID proof are required.",Admissions
7,Is there any scholarship available?,"Yes, government, merit-based and minority scholarships are available for eligible students.",Support
8,How can I register for elective subjects?,"Elective registration opens during the enrollment period on the student portal.",Academic
9,Who should I contact for exam related issues?,"You can contact the exam cell through email or visit the exam office during working hours.",Exams
10,How can I get my provisional certificate?,"Apply through the student services portal. Processing takes two to three weeks.",Support
11,What are college working hours?,"College working hours are from 9:00 AM to 5:00 PM, Monday to Friday.",General
12,Is attendance compulsory?,"Yes, minimum 75 percent attendance is required to appear for exams.",Academic
13,How can I check my attendance?,"You can check your attendance in the student portal under Attendance section.",Academic
14,What is the library timing?,"The library is open from 8:30 AM to 7:00 PM on working days.",Facilities
15,How many books can I issue from the library?,"Students can issue up to 3 books at a time for 15 days.",Facilities
16,Is WiFi available in the campus?,"Yes, free WiFi is available throughout the campus for students.",Facilities
17,How can I reset my student portal p

assword?,"Click on Forgot Password on the portal login page and follow the instructions.",Support
18,Where can I get my ID card?,"ID cards are issued by the student administration office after admission.",General
19, What is the exam pattern? ,"The exam pattern includes internal assessment, practicals and end semester examination.",Exams
20,How can I apply for a bonafide certificate?,"Apply through the student portal under Certificates section.",Support
21,Is there a canteen in the college?,"Yes, the college has a canteen providing hygienic food at affordable prices.",Facilities
22,What sports facilities are available?,"The college offers cricket, football, badminton, gym and indoor sports facilities.",Facilities
23,How can I participate in cultural events?,"Register through the cultural committee announcements on notice board or portal.",General
24,Is there any placement assistance?,"Yes, the placement cell provides training, internships and campus placements.",Placements
25,How can I contact the placement cell?,"You can contact the placement cell via email or visit the placement office.",Placements
26,Are internships mandatory?,"Yes, internships are mandatory as per the university curriculum.",Academic
27,How can I apply for internships?,"Internship details are shared by the placement cell and faculty coordinators.",Placements
28,What is the exam fee payment process?,"Exam fees can be paid online through the student portal.",Fees
29,What should I do if I miss an exam?,"Contact the exam cell immediately and apply for re-exam if eligible.",Exams
30,Is medical leave accepted?,"Yes, medical leave is accepted with valid medical certificate.",Academic
31,How can I update my personal details?,"Personal details can be updated through the student profile section in the portal.",Support
32,Is there a grievance redressal system?,"Yes, students can submit grievances through the grievance portal.",Support
33,What is the refund policy for fees?,"Fee refund follows university norms and timelines.",Fees
34,Are parents allowed inside campus?,"Parents are allowed during official meetings and events.",General
35,How can I get my semester timetable?,"Timetable is available on the college website and notice board.",Academic
36,Is transport facility available?,"Yes, college buses are available for selected routes.",Facilities
37,How can I apply for bus pass?,"Apply through the transport office after paying transport fees.",Facilities
38,What is the dress code for students?,"Students are required to follow the prescribed college dress code.",General
39,How can I contact faculty members?,"Faculty contact details are available on the department notice board.",Academic
40,Is there any student counseling service?,"Yes, counseling services are available through the student welfare department.",Support